Entity,Code,Year, crop(tonnes per hectare),RMSE
Kulon Progo,KLP,1962,14.5798,1.6465715169906616
Kulon Progo,KLP,1964,13.875,1.6465715169906616
Kulon Progo,KLP,1965,13.8704,1.6465715169906616
Kulon Progo,KLP,1966,13.8308,1.6465715169906616
Kulon Progo,KLP,1967,14.3138,1.6465715169906616
Kulon Progo,KLP,1968,13.8777,1.6465715169906616
Kulon Progo,KLP,1969,15.6,1.6465715169906616
Kulon Progo,KLP,1970,14.2755,1.6465715169906616
Kulon Progo,KLP,1971,13.4057,1.6465715169906616
Kulon Progo,KLP,1972,14.6341,1.6465715169906616
Kulon Progo,KLP,1973,14.9169,1.6465715169906616
Kulon Progo,KLP,1974,13.8313,1.6465715169906616
Kulon Progo,KLP,1975,17.5875,1.6465715169906616
Kulon Progo,KLP,1976,16.6914,1.6465715169906616
Kulon Progo,KLP,1977,15.7306,1.6465715169906616
Kulon Progo,KLP,1978,16.8237,1.6465715169906616
Kulon Progo,KLP,1979,15.3101,1.6465715169906616
Kulon Progo,KLP,1980,17.9166,1.6465715169906616
Kulon Progo,KLP,1981,19.695,1.6465715169906616
Kulon Progo,KLP,1982,17.3089,1.6465715169906616
Kulon Progo,KLP,1983,17.4214,1.6465715169906616
Kulon Progo,KLP,1984,18.271,1.6465715169906616
Kulon Progo,KLP,1985,18.3081,1.6465715169906616
Kulon Progo,KLP,1986,19.25,1.6465715169906616
Kulon Progo,KLP,1987,18.1579,1.6465715169906616
Kulon Progo,KLP,1988,19.7403,1.6465715169906616
Kulon Progo,KLP,1989,19.4226,1.6465715169906616
Kulon Progo,KLP,1990,18.25,1.6465715169906616
Kulon Progo,KLP,1991,19.0225,1.6465715169906616
Kulon Progo,KLP,1991,21.0,1.6465715169906616
Kulon Progo,KLP,1992,19.7514,1.6465715169906616
Kulon Progo,KLP,1993,20.01230239868164,1.6465715169906616
Kulon Progo,KLP,1994,20.22914695739746,1.6465715169906616
Kulon Progo,KLP,1995,20.325782775878906,1.6465715169906616
Kulon Progo,KLP,1996,20.556865692138672,1.6465715169906616
Kulon Progo,KLP,1997,20.580379486083984,1.6465715169906616
Bantul,BTL,1962,14.5798,4.808376789093018
Bantul,BTL,1964,13.875,4.808376789093018
Bantul,BTL,1965,13.8704,4.808376789093018
Bantul,BTL,1966,13.8308,4.808376789093018
Bantul,BTL,1967,14.3138,4.808376789093018
Bantul,BTL,1968,13.8777,4.808376789093018
Bantul,BTL,1969,15.6,4.808376789093018
Bantul,BTL,1970,14.2755,4.808376789093018
Bantul,BTL,1971,13.4057,4.808376789093018
Bantul,BTL,1972,14.6341,4.808376789093018
Bantul,BTL,1973,14.9169,4.808376789093018
Bantul,BTL,1974,13.8313,4.808376789093018
Bantul,BTL,1975,17.5875,4.808376789093018
Bantul,BTL,1976,16.6914,4.808376789093018
Bantul,BTL,1977,15.7306,4.808376789093018
Bantul,BTL,1978,16.8237,4.808376789093018
Bantul,BTL,1979,15.3101,4.808376789093018
Bantul,BTL,1980,17.9166,4.808376789093018
Bantul,BTL,1981,19.695,4.808376789093018
Bantul,BTL,1982,17.3089,4.808376789093018
Bantul,BTL,1983,17.4214,4.808376789093018
Bantul,BTL,1984,18.271,4.808376789093018
Bantul,BTL,1985,18.3081,4.808376789093018
Bantul,BTL,1986,19.25,4.808376789093018
Bantul,BTL,1987,18.1579,4.808376789093018
Bantul,BTL,1988,19.7403,4.808376789093018
Bantul,BTL,1989,19.4226,4.808376789093018
Bantul,BTL,1990,18.25,4.808376789093018
Bantul,BTL,1991,19.0225,4.808376789093018
Bantul,BTL,1992,21.0,4.808376789093018
Bantul,BTL,1993,19.7514,4.808376789093018
Bantul,BTL,1994,25.8824,4.808376789093018
Bantul,BTL,1995,33.1667,4.808376789093018
Bantul,BTL,1996,32.5,4.808376789093018
Bantul,BTL,1997,30.7576,4.808376789093018
Bantul,BTL,1998,30.0852,4.808376789093018
Bantul,BTL,1999,25.68,4.808376789093018
Bantul,BTL,2000,29.0,4.808376789093018
Bantul,BTL,2001,26.1847,4.808376789093018
Bantul,BTL,2002,25.7099,4.808376789093018
Bantul,BTL,2003,29.579,4.808376789093018
Bantul,BTL,2004,30.2613,4.808376789093018
Bantul,BTL,2005,31.1737,4.808376789093018
Bantul,BTL,2006,36.0022,4.808376789093018
Bantul,BTL,2007,37.3467,4.808376789093018
Bantul,BTL,2008,44.3144,4.808376789093018
Bantul,BTL,2009,43.6072,4.808376789093018
Bantul,BTL,2010,46.9529,4.808376789093018
Bantul,BTL,2011,44.709,4.808376789093018
Bantul,BTL,2012,38.6552,4.808376789093018
Bantul,BTL,2013,40.2911,4.808376789093018
Bantul,BTL,2014,42.3601,4.808376789093018
Bantul,BTL,2014,43.9657,4.808376789093018
Bantul,BTL,2015,45.8822,4.808376789093018
Bantul,BTL,2016,44.705299377441406,4.808376789093018
Bantul,BTL,2017,47.603485107421875,4.808376789093018
Bantul,BTL,2018,47.8885612487793,4.808376789093018
Bantul,BTL,2019,47.963043212890625,4.808376789093018
Bantul,BTL,2020,47.44548416137695,4.808376789093018
Gunung Kidul,GKD,1962,14.5798,5.430661201477051
Gunung Kidul,GKD,1964,13.875,5.430661201477051
Gunung Kidul,GKD,1965,13.8704,5.430661201477051
Gunung Kidul,GKD,1966,13.8308,5.430661201477051
Gunung Kidul,GKD,1967,14.3138,5.430661201477051
Gunung Kidul,GKD,1968,13.8777,5.430661201477051
Gunung Kidul,GKD,1969,15.6,5.430661201477051
Gunung Kidul,GKD,1970,14.2755,5.430661201477051
Gunung Kidul,GKD,1971,13.4057,5.430661201477051
Gunung Kidul,GKD,1972,14.6341,5.430661201477051
Gunung Kidul,GKD,1973,14.9169,5.430661201477051
Gunung Kidul,GKD,1974,13.8313,5.430661201477051
Gunung Kidul,GKD,1975,17.5875,5.430661201477051
Gunung Kidul,GKD,1976,16.6914,5.430661201477051
Gunung Kidul,GKD,1977,15.7306,5.430661201477051
Gunung Kidul,GKD,1978,16.8237,5.430661201477051
Gunung Kidul,GKD,1979,15.3101,5.430661201477051
Gunung Kidul,GKD,1980,17.9166,5.430661201477051
Gunung Kidul,GKD,1981,19.695,5.430661201477051
Gunung Kidul,GKD,1982,17.3089,5.430661201477051
Gunung Kidul,GKD,1983,17.4214,5.430661201477051
Gunung Kidul,GKD,1984,18.271,5.430661201477051
Gunung Kidul,GKD,1985,18.3081,5.430661201477051
Gunung Kidul,GKD,1986,19.25,5.430661201477051
Gunung Kidul,GKD,1987,18.1579,5.430661201477051
Gunung Kidul,GKD,1988,19.7403,5.430661201477051
Gunung Kidul,GKD,1989,19.4226,5.430661201477051
Gunung Kidul,GKD,1990,18.25,5.430661201477051
Gunung Kidul,GKD,1991,19.0225,5.430661201477051
Gunung Kidul,GKD,1992,21.0,5.430661201477051
Gunung Kidul,GKD,1993,19.7514,5.430661201477051
Gunung Kidul,GKD,1994,19.1654,5.430661201477051
Gunung Kidul,GKD,1995,19.8757,5.430661201477051
Gunung Kidul,GKD,1996,19.3175,5.430661201477051
Gunung Kidul,GKD,1997,19.0476,5.430661201477051
Gunung Kidul,GKD,1998,18.5383,5.430661201477051
Gunung Kidul,GKD,1999,19.6861,5.430661201477051
Gunung Kidul,GKD,2000,20.0249,5.430661201477051
Gunung Kidul,GKD,2001,20.4886,5.430661201477051
Gunung Kidul,GKD,2002,21.5556,5.430661201477051
Gunung Kidul,GKD,2003,22.4615,5.430661201477051
Gunung Kidul,GKD,2004,21.7433,5.430661201477051
Gunung Kidul,GKD,2005,22.0773,5.430661201477051
Gunung Kidul,GKD,2006,22.0906,5.430661201477051
Gunung Kidul,GKD,2007,23.8573,5.430661201477051
Gunung Kidul,GKD,2008,26.1877,5.430661201477051
Gunung Kidul,GKD,2009,27.4062,5.430661201477051
Gunung Kidul,GKD,2010,35.7407,5.430661201477051
Gunung Kidul,GKD,2011,38.3636,5.430661201477051
Gunung Kidul,GKD,2012,41.1754,5.430661201477051
Gunung Kidul,GKD,2013,33.0341,5.430661201477051
Gunung Kidul,GKD,2014,35.2361,5.430661201477051
Gunung Kidul,GKD,2014,35.4942,5.430661201477051
Gunung Kidul,GKD,2015,35.1378,5.430661201477051
Gunung Kidul,GKD,2016,35.12696838378906,5.430661201477051
Gunung Kidul,GKD,2017,35.729835510253906,5.430661201477051
Gunung Kidul,GKD,2018,36.24507141113281,5.430661201477051
Gunung Kidul,GKD,2019,36.675025939941406,5.430661201477051
Gunung Kidul,GKD,2020,36.96995544433594,5.430661201477051
Sleman,SLM,1962,16.457,5.80938720703125
Sleman,SLM,1964,17.5,5.80938720703125
Sleman,SLM,1965,17.5,5.80938720703125
Sleman,SLM,1966,13.6449,5.80938720703125
Sleman,SLM,1967,12.2853,5.80938720703125
Sleman,SLM,1968,11.1779,5.80938720703125
Sleman,SLM,1969,9.0958,5.80938720703125
Sleman,SLM,1970,10.0478,5.80938720703125
Sleman,SLM,1971,11.1907,5.80938720703125
Sleman,SLM,1972,9.4496,5.80938720703125
Sleman,SLM,1973,8.0939,5.80938720703125
Sleman,SLM,1974,9.2235,5.80938720703125
Sleman,SLM,1975,9.2235,5.80938720703125
Sleman,SLM,1976,9.5584,5.80938720703125
Sleman,SLM,1977,11.3043,5.80938720703125
Sleman,SLM,1978,8.8617,5.80938720703125
Sleman,SLM,1979,8.1554,5.80938720703125
Sleman,SLM,1980,8.0975,5.80938720703125
Sleman,SLM,1981,8.5632,5.80938720703125
Sleman,SLM,1982,14.6004,5.80938720703125
Sleman,SLM,1983,10.5287,5.80938720703125
Sleman,SLM,1984,8.9047,5.80938720703125
Sleman,SLM,1985,8.4591,5.80938720703125
Sleman,SLM,1986,10.0189,5.80938720703125
Sleman,SLM,1987,10.2515,5.80938720703125
Sleman,SLM,1988,13.5667,5.80938720703125
Sleman,SLM,1989,13.0293,5.80938720703125
Sleman,SLM,1990,12.6639,5.80938720703125
Sleman,SLM,1991,13.5397,5.80938720703125
Sleman,SLM,1992,12.5631,5.80938720703125
Sleman,SLM,1993,14.4635,5.80938720703125
Sleman,SLM,1994,15.5228,5.80938720703125
Sleman,SLM,1995,17.1158,5.80938720703125
Sleman,SLM,1996,16.733,5.80938720703125
Sleman,SLM,1997,18.3902,5.80938720703125
Sleman,SLM,1998,17.1109,5.80938720703125
Sleman,SLM,1999,15.8903,5.80938720703125
Sleman,SLM,2000,16.2936,5.80938720703125
Sleman,SLM,2001,17.294,5.80938720703125
Sleman,SLM,2002,18.6026,5.80938720703125
Sleman,SLM,2003,20.8519,5.80938720703125
Sleman,SLM,2004,19.1706,5.80938720703125
Sleman,SLM,2005,19.3986,5.80938720703125
Sleman,SLM,2006,23.3696,5.80938720703125
Sleman,SLM,2007,24.1641,5.80938720703125
Sleman,SLM,2008,25.6784,5.80938720703125
Sleman,SLM,2009,28.254,5.80938720703125
Sleman,SLM,2010,28.4533,5.80938720703125
Sleman,SLM,2011,30.8352,5.80938720703125
Sleman,SLM,2012,33.6284,5.80938720703125
Sleman,SLM,2013,37.5021,5.80938720703125
Sleman,SLM,2014,36.9958,5.80938720703125
Sleman,SLM,2014,43.3424,5.80938720703125
Sleman,SLM,2015,47.0551,5.80938720703125
Sleman,SLM,2016,45.838443756103516,5.80938720703125
Sleman,SLM,2017,50.020782470703125,5.80938720703125
Sleman,SLM,2018,53.496917724609375,5.80938720703125
Sleman,SLM,2019,58.17147445678711,5.80938720703125
Sleman,SLM,2020,62.84372329711914,5.80938720703125
DIY,DIY,1962,2.5,0.12765473127365112
DIY,DIY,1964,2.5,0.12765473127365112
DIY,DIY,1965,2.5,0.12765473127365112
DIY,DIY,1966,2.5,0.12765473127365112
DIY,DIY,1967,2.5,0.12765473127365112
DIY,DIY,1968,2.5,0.12765473127365112
DIY,DIY,1969,2.5,0.12765473127365112
DIY,DIY,1970,3.0,0.12765473127365112
DIY,DIY,1971,3.0,0.12765473127365112
DIY,DIY,1972,3.0769,0.12765473127365112
DIY,DIY,1973,3.0769,0.12765473127365112
DIY,DIY,1974,3.0769,0.12765473127365112
DIY,DIY,1975,3.125,0.12765473127365112
DIY,DIY,1976,3.125,0.12765473127365112
DIY,DIY,1977,3.125,0.12765473127365112
DIY,DIY,1978,3.0,0.12765473127365112
DIY,DIY,1979,3.0,0.12765473127365112
DIY,DIY,1980,3.0435,0.12765473127365112
DIY,DIY,1981,3.0435,0.12765473127365112
DIY,DIY,1982,3.0435,0.12765473127365112
DIY,DIY,1983,3.2,0.12765473127365112
DIY,DIY,1984,3.2,0.12765473127365112
DIY,DIY,1985,3.0,0.12765473127365112
DIY,DIY,1986,3.0,0.12765473127365112
DIY,DIY,1987,3.2258,0.12765473127365112
DIY,DIY,1988,3.2258,0.12765473127365112
DIY,DIY,1989,3.2258,0.12765473127365112
DIY,DIY,1990,3.3333,0.12765473127365112
DIY,DIY,1991,3.4286,0.12765473127365112
DIY,DIY,1992,3.6445,0.12765473127365112
DIY,DIY,1993,3.8388,0.12765473127365112
DIY,DIY,1994,3.8181,0.12765473127365112
DIY,DIY,1995,3.8369,0.12765473127365112
DIY,DIY,1996,3.7959,0.12765473127365112
DIY,DIY,1997,3.7838,0.12765473127365112
DIY,DIY,1998,3.75,0.12765473127365112
DIY,DIY,1999,3.6842,0.12765473127365112
DIY,DIY,2000,3.75,0.12765473127365112
DIY,DIY,2001,3.6667,0.12765473127365112
DIY,DIY,2002,3.7143,0.12765473127365112
DIY,DIY,2003,3.6873,0.12765473127365112
DIY,DIY,2004,3.6748,0.12765473127365112
DIY,DIY,2005,3.6511,0.12765473127365112
DIY,DIY,2006,3.6216,0.12765473127365112
DIY,DIY,2007,3.5861,0.12765473127365112
DIY,DIY,2008,3.5448,0.12765473127365112
DIY,DIY,2009,3.6842,0.12765473127365112
DIY,DIY,2010,3.3841,0.12765473127365112
DIY,DIY,2011,3.2541,0.12765473127365112
DIY,DIY,2012,3.1209,0.12765473127365112
DIY,DIY,2013,2.9876,0.12765473127365112
DIY,DIY,2014,2.6829,0.12765473127365112
DIY,DIY,2014,2.7419,0.12765473127365112
DIY,DIY,2015,2.6688,0.12765473127365112
DIY,DIY,2016,2.6274163722991943,0.12765473127365112
DIY,DIY,2017,2.534292221069336,0.12765473127365112
DIY,DIY,2018,2.5759780406951904,0.12765473127365112
DIY,DIY,2019,2.568768262863159,0.12765473127365112
DIY,DIY,2020,2.5592539310455322,0.12765473127365112
Bandung,BD,1962,7.2222,0.29288405179977417
Bandung,BD,1964,7.1579,0.29288405179977417
Bandung,BD,1965,7.3684,0.29288405179977417
Bandung,BD,1966,7.0,0.29288405179977417
Bandung,BD,1967,7.5,0.29288405179977417
Bandung,BD,1968,7.2727,0.29288405179977417
Bandung,BD,1969,7.2727,0.29288405179977417
Bandung,BD,1970,7.2727,0.29288405179977417
Bandung,BD,1971,7.2174,0.29288405179977417
Bandung,BD,1972,7.2174,0.29288405179977417
Bandung,BD,1973,7.1667,0.29288405179977417
Bandung,BD,1974,7.1667,0.29288405179977417
Bandung,BD,1975,7.12,0.29288405179977417
Bandung,BD,1976,7.12,0.29288405179977417
Bandung,BD,1977,7.0769,0.29288405179977417
Bandung,BD,1978,7.0769,0.29288405179977417
Bandung,BD,1979,7.0769,0.29288405179977417
Bandung,BD,1980,7.037,0.29288405179977417
Bandung,BD,1981,7.037,0.29288405179977417
Bandung,BD,1982,7.0,0.29288405179977417
Bandung,BD,1983,7.0,0.29288405179977417
Bandung,BD,1984,6.6667,0.29288405179977417
Bandung,BD,1985,6.6667,0.29288405179977417
Bandung,BD,1986,6.6667,0.29288405179977417
Bandung,BD,1987,6.6667,0.29288405179977417
Bandung,BD,1988,6.875,0.29288405179977417
Bandung,BD,1989,7.0588,0.29288405179977417
Bandung,BD,1990,7.2222,0.29288405179977417
Bandung,BD,1991,7.3684,0.29288405179977417
Bandung,BD,1992,7.25,0.29288405179977417
Bandung,BD,1993,7.1429,0.29288405179977417
Bandung,BD,1994,6.0,0.29288405179977417
Bandung,BD,1995,7.0588,0.29288405179977417
Bandung,BD,1996,7.2222,0.29288405179977417
Bandung,BD,1997,6.9273,0.29288405179977417
Bandung,BD,1998,6.7519,0.29288405179977417
Bandung,BD,1999,6.6674,0.29288405179977417
Bandung,BD,2000,6.1111,0.29288405179977417
Bandung,BD,2001,6.6169,0.29288405179977417
Bandung,BD,2002,6.6243,0.29288405179977417
Bandung,BD,2003,6.6435,0.29288405179977417
Bandung,BD,2004,6.6626,0.29288405179977417
Bandung,BD,2005,6.3636,0.29288405179977417
Bandung,BD,2006,6.6861,0.29288405179977417
Bandung,BD,2007,6.383,0.29288405179977417
Bandung,BD,2008,6.807,0.29288405179977417
Bandung,BD,2009,6.8964,0.29288405179977417
Bandung,BD,2010,6.9827,0.29288405179977417
Bandung,BD,2011,7.2127,0.29288405179977417
Bandung,BD,2012,7.8125,0.29288405179977417
Bandung,BD,2013,7.1424,0.29288405179977417
Bandung,BD,2014,7.1212,0.29288405179977417
Bandung,BD,2014,7.1212,0.29288405179977417
Bandung,BD,2015,7.003,0.29288405179977417
Bandung,BD,2016,7.063268184661865,0.29288405179977417
Bandung,BD,2017,7.116146087646484,0.29288405179977417
Bandung,BD,2018,7.147326469421387,0.29288405179977417
Bandung,BD,2019,7.162917137145996,0.29288405179977417
Bandung,BD,2020,7.172289848327637,0.29288405179977417
Tasikmalaya,TKM,1962,7.0,0.1985398828983307
Tasikmalaya,TKM,1964,6.8519,0.1985398828983307
Tasikmalaya,TKM,1965,6.8421,0.1985398828983307
Tasikmalaya,TKM,1966,6.8333,0.1985398828983307
Tasikmalaya,TKM,1967,6.8254,0.1985398828983307
Tasikmalaya,TKM,1968,6.8182,0.1985398828983307
Tasikmalaya,TKM,1969,6.8116,0.1985398828983307
Tasikmalaya,TKM,1970,6.7123,0.1985398828983307
Tasikmalaya,TKM,1971,6.7105,0.1985398828983307
Tasikmalaya,TKM,1972,6.7089,0.1985398828983307
Tasikmalaya,TKM,1973,6.6265,0.1985398828983307
Tasikmalaya,TKM,1974,6.6279,0.1985398828983307
Tasikmalaya,TKM,1975,6.6292,0.1985398828983307
Tasikmalaya,TKM,1976,6.5591,0.1985398828983307
Tasikmalaya,TKM,1977,6.5625,0.1985398828983307
Tasikmalaya,TKM,1978,6.5657,0.1985398828983307
Tasikmalaya,TKM,1979,6.7,0.1985398828983307
Tasikmalaya,TKM,1980,6.7,0.1985398828983307
Tasikmalaya,TKM,1981,6.7,0.1985398828983307
Tasikmalaya,TKM,1982,6.7,0.1985398828983307
Tasikmalaya,TKM,1983,6.4762,0.1985398828983307
Tasikmalaya,TKM,1984,6.3636,0.1985398828983307
Tasikmalaya,TKM,1985,6.25,0.1985398828983307
Tasikmalaya,TKM,1986,5.9231,0.1985398828983307
Tasikmalaya,TKM,1987,5.9231,0.1985398828983307
Tasikmalaya,TKM,1988,5.7143,0.1985398828983307
Tasikmalaya,TKM,1989,6.0,0.1985398828983307
Tasikmalaya,TKM,1990,5.9375,0.1985398828983307
Tasikmalaya,TKM,1991,5.8824,0.1985398828983307
Tasikmalaya,TKM,1992,5.8333,0.1985398828983307
Tasikmalaya,TKM,1993,5.7895,0.1985398828983307
Tasikmalaya,TKM,1994,5.5556,0.1985398828983307
Tasikmalaya,TKM,1995,5.741,0.1985398828983307
Tasikmalaya,TKM,1996,5.8352,0.1985398828983307
Tasikmalaya,TKM,1997,5.9459,0.1985398828983307
Tasikmalaya,TKM,1998,5.8824,0.1985398828983307
Tasikmalaya,TKM,1999,6.1111,0.1985398828983307
Tasikmalaya,TKM,2000,6.3158,0.1985398828983307
Tasikmalaya,TKM,2001,6.5,0.1985398828983307
Tasikmalaya,TKM,2002,6.6667,0.1985398828983307
Tasikmalaya,TKM,2003,6.5654,0.1985398828983307
Tasikmalaya,TKM,2004,6.5684,0.1985398828983307
Tasikmalaya,TKM,2005,6.5611,0.1985398828983307
Tasikmalaya,TKM,2006,6.5403,0.1985398828983307
Tasikmalaya,TKM,2007,6.1598,0.1985398828983307
Tasikmalaya,TKM,2008,6.0734,0.1985398828983307
Tasikmalaya,TKM,2009,5.9703,0.1985398828983307
Tasikmalaya,TKM,2010,5.8841,0.1985398828983307
Tasikmalaya,TKM,2011,5.8155,0.1985398828983307
Tasikmalaya,TKM,2012,5.6364,0.1985398828983307
Tasikmalaya,TKM,2013,5.8027,0.1985398828983307
Tasikmalaya,TKM,2014,5.8333,0.1985398828983307
Tasikmalaya,TKM,2014,5.9009,0.1985398828983307
Tasikmalaya,TKM,2015,5.9513,0.1985398828983307
Tasikmalaya,TKM,2016,5.865575790405273,0.1985398828983307
Tasikmalaya,TKM,2017,5.9312310218811035,0.1985398828983307
Tasikmalaya,TKM,2018,5.959808826446533,0.1985398828983307
Tasikmalaya,TKM,2019,5.958899974822998,0.1985398828983307
Tasikmalaya,TKM,2020,5.961324691772461,0.1985398828983307
Majalengka,MJK,1962,8.1756,0.5400756001472473
Majalengka,MJK,1964,8.2707,0.5400756001472473
Majalengka,MJK,1965,8.425,0.5400756001472473
Majalengka,MJK,1966,8.2226,0.5400756001472473
Majalengka,MJK,1967,7.9025,0.5400756001472473
Majalengka,MJK,1968,7.9413,0.5400756001472473
Majalengka,MJK,1969,7.6942,0.5400756001472473
Majalengka,MJK,1970,7.658,0.5400756001472473
Majalengka,MJK,1971,7.826,0.5400756001472473
Majalengka,MJK,1972,7.4485,0.5400756001472473
Majalengka,MJK,1973,7.3966,0.5400756001472473
Majalengka,MJK,1974,6.7992,0.5400756001472473
Majalengka,MJK,1975,6.7142,0.5400756001472473
Majalengka,MJK,1976,6.8831,0.5400756001472473
Majalengka,MJK,1977,7.2822,0.5400756001472473
Majalengka,MJK,1978,7.1378,0.5400756001472473
Majalengka,MJK,1979,8.174,0.5400756001472473
Majalengka,MJK,1980,7.1675,0.5400756001472473
Majalengka,MJK,1981,7.2405,0.5400756001472473
Majalengka,MJK,1982,7.4731,0.5400756001472473
Majalengka,MJK,1983,7.8023,0.5400756001472473
Majalengka,MJK,1984,8.1038,0.5400756001472473
Majalengka,MJK,1985,8.004,0.5400756001472473
Majalengka,MJK,1986,8.088,0.5400756001472473
Majalengka,MJK,1987,8.4893,0.5400756001472473
Majalengka,MJK,1988,8.547,0.5400756001472473
Majalengka,MJK,1989,8.0891,0.5400756001472473
Majalengka,MJK,1990,8.6154,0.5400756001472473
Majalengka,MJK,1991,8.7309,0.5400756001472473
Majalengka,MJK,1992,9.2668,0.5400756001472473
Majalengka,MJK,1993,9.0974,0.5400756001472473
Majalengka,MJK,1994,9.1204,0.5400756001472473
Majalengka,MJK,1995,8.7549,0.5400756001472473
Majalengka,MJK,1996,8.3718,0.5400756001472473
Majalengka,MJK,1997,9.1266,0.5400756001472473
Majalengka,MJK,1998,9.289,0.5400756001472473
Majalengka,MJK,1999,8.2017,0.5400756001472473
Majalengka,MJK,2000,7.6242,0.5400756001472473
Majalengka,MJK,2001,8.1719,0.5400756001472473
Majalengka,MJK,2002,6.4046,0.5400756001472473
Majalengka,MJK,2003,6.1881,0.5400756001472473
Majalengka,MJK,2004,6.1699,0.5400756001472473
Majalengka,MJK,2005,6.5712,0.5400756001472473
Majalengka,MJK,2006,7.6054,0.5400756001472473
Majalengka,MJK,2007,8.1782,0.5400756001472473
Majalengka,MJK,2008,8.4377,0.5400756001472473
Majalengka,MJK,2009,7.6707,0.5400756001472473
Majalengka,MJK,2010,6.9823,0.5400756001472473
Majalengka,MJK,2011,7.077,0.5400756001472473
Majalengka,MJK,2012,7.1011,0.5400756001472473
Majalengka,MJK,2013,6.2489,0.5400756001472473
Majalengka,MJK,2014,5.3635,0.5400756001472473
Majalengka,MJK,2014,4.8221,0.5400756001472473
Majalengka,MJK,2015,5.2876,0.5400756001472473
Majalengka,MJK,2016,5.6198601722717285,0.5400756001472473
Majalengka,MJK,2017,5.368670463562012,0.5400756001472473
Majalengka,MJK,2018,5.4316511154174805,0.5400756001472473
Majalengka,MJK,2019,5.468367576599121,0.5400756001472473
Majalengka,MJK,2020,5.396520137786865,0.5400756001472473
Cirebon,CRB,1962,19.6491,1.9542737007141113
Cirebon,CRB,1964,20.0,1.9542737007141113
Cirebon,CRB,1965,21.1404,1.9542737007141113
Cirebon,CRB,1966,21.9298,1.9542737007141113
Cirebon,CRB,1967,22.3293,1.9542737007141113
Cirebon,CRB,1968,21.1619,1.9542737007141113
Cirebon,CRB,1969,21.0111,1.9542737007141113
Cirebon,CRB,1970,22.4484,1.9542737007141113
Cirebon,CRB,1971,23.0941,1.9542737007141113
Cirebon,CRB,1972,24.1333,1.9542737007141113
Cirebon,CRB,1973,23.75,1.9542737007141113
Cirebon,CRB,1974,23.8095,1.9542737007141113
Cirebon,CRB,1975,22.7778,1.9542737007141113
Cirebon,CRB,1976,22.1649,1.9542737007141113
Cirebon,CRB,1977,23.0,1.9542737007141113
Cirebon,CRB,1978,26.1905,1.9542737007141113
Cirebon,CRB,1979,27.3585,1.9542737007141113
Cirebon,CRB,1980,30.8411,1.9542737007141113
Cirebon,CRB,1981,32.5581,1.9542737007141113
Cirebon,CRB,1982,32.8704,1.9542737007141113
Cirebon,CRB,1983,33.3952,1.9542737007141113
Cirebon,CRB,1984,34.2593,1.9542737007141113
Cirebon,CRB,1985,34.2276,1.9542737007141113
Cirebon,CRB,1986,36.9686,1.9542737007141113
Cirebon,CRB,1987,36.5672,1.9542737007141113
Cirebon,CRB,1988,36.4964,1.9542737007141113
Cirebon,CRB,1989,35.9712,1.9542737007141113
Cirebon,CRB,1990,35.8955,1.9542737007141113
Cirebon,CRB,1991,36.6284,1.9542737007141113
Cirebon,CRB,1992,37.7644,1.9542737007141113
Cirebon,CRB,1993,38.5297,1.9542737007141113
Cirebon,CRB,1994,37.5277,1.9542737007141113
Cirebon,CRB,1995,39.5204,1.9542737007141113
Cirebon,CRB,1996,39.6875,1.9542737007141113
Cirebon,CRB,1997,41.4286,1.9542737007141113
Cirebon,CRB,1998,41.7112,1.9542737007141113
Cirebon,CRB,1999,41.7722,1.9542737007141113
Cirebon,CRB,2000,41.45,1.9542737007141113
Cirebon,CRB,2001,40.7091,1.9542737007141113
Cirebon,CRB,2002,39.5111,1.9542737007141113
Cirebon,CRB,2003,38.399,1.9542737007141113
Cirebon,CRB,2004,37.0588,1.9542737007141113
Cirebon,CRB,2005,37.7692,1.9542737007141113
Cirebon,CRB,2006,37.0196,1.9542737007141113
Cirebon,CRB,2007,37.2222,1.9542737007141113
Cirebon,CRB,2008,37.1146,1.9542737007141113
Cirebon,CRB,2009,36.9264,1.9542737007141113
Cirebon,CRB,2010,36.6179,1.9542737007141113
Cirebon,CRB,2011,36.9999,1.9542737007141113
Cirebon,CRB,2012,37.2406,1.9542737007141113
Cirebon,CRB,2013,37.4945,1.9542737007141113
Cirebon,CRB,2014,37.8333,1.9542737007141113
Cirebon,CRB,2014,37.9085,1.9542737007141113
Cirebon,CRB,2015,37.1346,1.9542737007141113
Cirebon,CRB,2016,37.63892364501953,1.9542737007141113
Cirebon,CRB,2017,37.24524688720703,1.9542737007141113
Cirebon,CRB,2018,37.100181579589844,1.9542737007141113
Cirebon,CRB,2019,37.044715881347656,1.9542737007141113
Cirebon,CRB,2020,36.919219970703125,1.9542737007141113
Kuningan,KNG,1962,10.0,0.3027823269367218
Kuningan,KNG,1964,10.0,0.3027823269367218
Kuningan,KNG,1965,10.0,0.3027823269367218
Kuningan,KNG,1966,10.0,0.3027823269367218
Kuningan,KNG,1967,10.0,0.3027823269367218
Kuningan,KNG,1968,10.0,0.3027823269367218
Kuningan,KNG,1969,10.0,0.3027823269367218
Kuningan,KNG,1970,10.0,0.3027823269367218
Kuningan,KNG,1971,11.25,0.3027823269367218
Kuningan,KNG,1972,10.8824,0.3027823269367218
Kuningan,KNG,1973,11.1765,0.3027823269367218
Kuningan,KNG,1974,11.4706,0.3027823269367218
Kuningan,KNG,1975,11.6667,0.3027823269367218
Kuningan,KNG,1976,11.5789,0.3027823269367218
Kuningan,KNG,1977,11.5,0.3027823269367218
Kuningan,KNG,1978,11.1905,0.3027823269367218
Kuningan,KNG,1979,11.1905,0.3027823269367218
Kuningan,KNG,1980,11.1628,0.3027823269367218
Kuningan,KNG,1981,11.1628,0.3027823269367218
Kuningan,KNG,1982,11.1364,0.3027823269367218
Kuningan,KNG,1983,11.1364,0.3027823269367218
Kuningan,KNG,1984,11.1111,0.3027823269367218
Kuningan,KNG,1985,11.087,0.3027823269367218
Kuningan,KNG,1986,11.0638,0.3027823269367218
Kuningan,KNG,1987,11.0417,0.3027823269367218
Kuningan,KNG,1988,11.0204,0.3027823269367218
Kuningan,KNG,1989,11.0,0.3027823269367218
Kuningan,KNG,1990,10.9804,0.3027823269367218
Kuningan,KNG,1991,10.9615,0.3027823269367218
Kuningan,KNG,1992,10.7407,0.3027823269367218
Kuningan,KNG,1993,10.5357,0.3027823269367218
Kuningan,KNG,1994,10.0,0.3027823269367218
Kuningan,KNG,1995,10.4,0.3027823269367218
Kuningan,KNG,1996,10.4167,0.3027823269367218
Kuningan,KNG,1997,10.0,0.3027823269367218
Kuningan,KNG,1998,10.4167,0.3027823269367218
Kuningan,KNG,1999,10.0,0.3027823269367218
Kuningan,KNG,2000,10.0,0.3027823269367218
Kuningan,KNG,2001,10.0,0.3027823269367218
Kuningan,KNG,2002,10.0,0.3027823269367218
Kuningan,KNG,2003,10.0,0.3027823269367218
Kuningan,KNG,2004,9.9138,0.3027823269367218
Kuningan,KNG,2005,9.6296,0.3027823269367218
Kuningan,KNG,2006,9.8014,0.3027823269367218
Kuningan,KNG,2007,9.783,0.3027823269367218
Kuningan,KNG,2008,9.6154,0.3027823269367218
Kuningan,KNG,2009,9.7703,0.3027823269367218
Kuningan,KNG,2010,9.7771,0.3027823269367218
Kuningan,KNG,2011,9.8039,0.3027823269367218
Kuningan,KNG,2012,9.6296,0.3027823269367218
Kuningan,KNG,2013,9.7624,0.3027823269367218
Kuningan,KNG,2014,10.0,0.3027823269367218
Kuningan,KNG,2014,9.8216,0.3027823269367218
Kuningan,KNG,2015,9.7623,0.3027823269367218
Kuningan,KNG,2016,9.777055740356445,0.3027823269367218
Kuningan,KNG,2017,9.789434432983398,0.3027823269367218
Kuningan,KNG,2018,9.756199836730957,0.3027823269367218
Kuningan,KNG,2019,9.750554084777832,0.3027823269367218
Kuningan,KNG,2020,9.7464599609375,0.3027823269367218
Garut,GRT,1962,2.5,0.9895076155662537
Garut,GRT,1964,2.5,0.9895076155662537
Garut,GRT,1965,3.3333,0.9895076155662537
Garut,GRT,1966,3.0,0.9895076155662537
Garut,GRT,1967,3.3333,0.9895076155662537
Garut,GRT,1968,3.75,0.9895076155662537
Garut,GRT,1969,3.5714,0.9895076155662537
Garut,GRT,1970,3.5,0.9895076155662537
Garut,GRT,1971,3.3333,0.9895076155662537
Garut,GRT,1972,3.4375,0.9895076155662537
Garut,GRT,1973,3.6111,0.9895076155662537
Garut,GRT,1974,3.8421,0.9895076155662537
Garut,GRT,1975,3.28,0.9895076155662537
Garut,GRT,1976,2.6316,0.9895076155662537
Garut,GRT,1977,3.4286,0.9895076155662537
Garut,GRT,1978,3.25,0.9895076155662537
Garut,GRT,1979,2.6,0.9895076155662537
Garut,GRT,1980,4.0,0.9895076155662537
Garut,GRT,1981,3.8857,0.9895076155662537
Garut,GRT,1982,3.0,0.9895076155662537
Garut,GRT,1983,8.95,0.9895076155662537
Garut,GRT,1984,7.4348,0.9895076155662537
Garut,GRT,1985,8.9063,0.9895076155662537
Garut,GRT,1986,6.75,0.9895076155662537
Garut,GRT,1987,8.3333,0.9895076155662537
Garut,GRT,1988,8.3333,0.9895076155662537
Garut,GRT,1989,8.75,0.9895076155662537
Garut,GRT,1990,8.4,0.9895076155662537
Garut,GRT,1991,8.1818,0.9895076155662537
Garut,GRT,1992,8.2609,0.9895076155662537
Garut,GRT,1993,8.3333,0.9895076155662537
Garut,GRT,1994,8.4615,0.9895076155662537
Garut,GRT,1995,8.406,0.9895076155662537
Garut,GRT,1996,8.4185,0.9895076155662537
Garut,GRT,1997,8.3333,0.9895076155662537
Garut,GRT,1998,8.4615,0.9895076155662537
Garut,GRT,1999,8.5185,0.9895076155662537
Garut,GRT,2000,8.5714,0.9895076155662537
Garut,GRT,2001,8.9655,0.9895076155662537
Garut,GRT,2002,9.0,0.9895076155662537
Garut,GRT,2003,9.0625,0.9895076155662537
Garut,GRT,2004,8.8571,0.9895076155662537
Garut,GRT,2005,8.6842,0.9895076155662537
Garut,GRT,2006,8.75,0.9895076155662537
Garut,GRT,2007,8.915,0.9895076155662537
Garut,GRT,2008,8.9468,0.9895076155662537
Garut,GRT,2009,8.7778,0.9895076155662537
Garut,GRT,2010,9.0794,0.9895076155662537
Garut,GRT,2011,9.2104,0.9895076155662537
Garut,GRT,2012,9.3409,0.9895076155662537
Garut,GRT,2013,9.4749,0.9895076155662537
Garut,GRT,2014,10.0,0.9895076155662537
Garut,GRT,2014,9.7186,0.9895076155662537
Garut,GRT,2015,9.6125,0.9895076155662537
Garut,GRT,2016,10.05722713470459,0.9895076155662537
Garut,GRT,2017,10.104069709777832,0.9895076155662537
Garut,GRT,2018,10.26220417022705,0.9895076155662537
Garut,GRT,2019,10.393575668334961,0.9895076155662537
Garut,GRT,2020,10.513864517211914,0.9895076155662537
Sumedang,SMD,1962,15.2157,1.446199655532837
Sumedang,SMD,1964,15.2097,1.446199655532837
Sumedang,SMD,1965,13.8098,1.446199655532837
Sumedang,SMD,1966,15.0209,1.446199655532837
Sumedang,SMD,1967,15.2294,1.446199655532837
Sumedang,SMD,1968,14.0248,1.446199655532837
Sumedang,SMD,1969,14.538,1.446199655532837
Sumedang,SMD,1970,16.0371,1.446199655532837
Sumedang,SMD,1971,14.0409,1.446199655532837
Sumedang,SMD,1972,15.104,1.446199655532837
Sumedang,SMD,1973,15.1522,1.446199655532837
Sumedang,SMD,1974,15.8585,1.446199655532837
Sumedang,SMD,1975,16.4324,1.446199655532837
Sumedang,SMD,1976,19.0447,1.446199655532837
Sumedang,SMD,1977,17.0252,1.446199655532837
Sumedang,SMD,1978,15.8159,1.446199655532837
Sumedang,SMD,1979,17.3266,1.446199655532837
Sumedang,SMD,1980,17.1655,1.446199655532837
Sumedang,SMD,1981,16.9539,1.446199655532837
Sumedang,SMD,1982,17.1438,1.446199655532837
Sumedang,SMD,1983,15.5212,1.446199655532837
Sumedang,SMD,1984,17.1335,1.446199655532837
Sumedang,SMD,1985,15.7026,1.446199655532837
Sumedang,SMD,1986,18.1488,1.446199655532837
Sumedang,SMD,1987,16.096,1.446199655532837
Sumedang,SMD,1988,16.9357,1.446199655532837
Sumedang,SMD,1989,16.233,1.446199655532837
Sumedang,SMD,1990,16.4166,1.446199655532837
Sumedang,SMD,1991,16.734,1.446199655532837
Sumedang,SMD,1992,16.812,1.446199655532837
Sumedang,SMD,1993,16.4721,1.446199655532837
Sumedang,SMD,1994,17.5666,1.446199655532837
Sumedang,SMD,1995,19.7607,1.446199655532837
Sumedang,SMD,1996,18.9039,1.446199655532837
Sumedang,SMD,1997,20.5968,1.446199655532837
Sumedang,SMD,1998,20.5001,1.446199655532837
Sumedang,SMD,1999,20.8597,1.446199655532837
Sumedang,SMD,2000,19.9271,1.446199655532837
Sumedang,SMD,2001,20.0023,1.446199655532837
Sumedang,SMD,2002,19.4153,1.446199655532837
Sumedang,SMD,2003,20.3263,1.446199655532837
Sumedang,SMD,2004,20.5814,1.446199655532837
Sumedang,SMD,2005,21.4271,1.446199655532837
Sumedang,SMD,2006,21.7015,1.446199655532837
Sumedang,SMD,2007,21.0833,1.446199655532837
Sumedang,SMD,2008,20.7392,1.446199655532837
Sumedang,SMD,2009,21.5775,1.446199655532837
Sumedang,SMD,2010,21.6041,1.446199655532837
Sumedang,SMD,2011,23.6058,1.446199655532837
Sumedang,SMD,2012,21.5836,1.446199655532837
Sumedang,SMD,2013,21.8188,1.446199655532837
Sumedang,SMD,2014,20.544,1.446199655532837
Sumedang,SMD,2014,21.0677,1.446199655532837
Sumedang,SMD,2015,23.9521,1.446199655532837
Sumedang,SMD,2016,21.32579803466797,1.446199655532837
Sumedang,SMD,2017,22.476150512695312,1.446199655532837
Sumedang,SMD,2018,21.913305282592773,1.446199655532837
Sumedang,SMD,2019,22.092458724975586,1.446199655532837
Sumedang,SMD,2020,22.000234603881836,1.446199655532837
Cianjur,CJR,1962,12.0354,0.8339214324951172
Cianjur,CJR,1964,12.3984,0.8339214324951172
Cianjur,CJR,1965,11.9106,0.8339214324951172
Cianjur,CJR,1966,12.1774,0.8339214324951172
Cianjur,CJR,1967,10.8015,0.8339214324951172
Cianjur,CJR,1968,11.4433,0.8339214324951172
Cianjur,CJR,1969,10.8418,0.8339214324951172
Cianjur,CJR,1970,10.4194,0.8339214324951172
Cianjur,CJR,1971,10.4055,0.8339214324951172
Cianjur,CJR,1972,9.4753,0.8339214324951172
Cianjur,CJR,1973,10.5701,0.8339214324951172
Cianjur,CJR,1974,10.8308,0.8339214324951172
Cianjur,CJR,1975,11.5344,0.8339214324951172
Cianjur,CJR,1976,11.4238,0.8339214324951172
Cianjur,CJR,1977,9.5597,0.8339214324951172
Cianjur,CJR,1978,11.2067,0.8339214324951172
Cianjur,CJR,1979,12.9679,0.8339214324951172
Cianjur,CJR,1980,11.2993,0.8339214324951172
Cianjur,CJR,1981,12.0873,0.8339214324951172
Cianjur,CJR,1982,11.5771,0.8339214324951172
Cianjur,CJR,1983,11.8003,0.8339214324951172
Cianjur,CJR,1984,12.4194,0.8339214324951172
Cianjur,CJR,1985,11.2795,0.8339214324951172
Cianjur,CJR,1986,12.4408,0.8339214324951172
Cianjur,CJR,1987,12.1791,0.8339214324951172
Cianjur,CJR,1988,12.332,0.8339214324951172
Cianjur,CJR,1989,12.0,0.8339214324951172
Cianjur,CJR,1990,10.1797,0.8339214324951172
Cianjur,CJR,1991,10.79,0.8339214324951172
Cianjur,CJR,1991,9.8375,0.8339214324951172
Cianjur,CJR,1992,11.7149,0.8339214324951172
Cianjur,CJR,1993,11.0419282913208,0.8339214324951172
Cianjur,CJR,1994,10.844502449035645,0.8339214324951172
Cianjur,CJR,1995,11.384294509887695,0.8339214324951172
Cianjur,CJR,1996,11.304787635803223,0.8339214324951172
Cianjur,CJR,1997,11.416152954101562,0.8339214324951172
Subang,SBG,1962,15.8149,4.716512203216553
Subang,SBG,1964,16.4763,4.716512203216553
Subang,SBG,1965,13.8808,4.716512203216553
Subang,SBG,1966,17.3298,4.716512203216553
Subang,SBG,1967,16.8432,4.716512203216553
Subang,SBG,1968,16.8432,4.716512203216553
Subang,SBG,1969,16.4101,4.716512203216553
Subang,SBG,1970,15.835,4.716512203216553
Subang,SBG,1971,17.4135,4.716512203216553
Subang,SBG,1972,17.9698,4.716512203216553
Subang,SBG,1973,17.3275,4.716512203216553
Subang,SBG,1974,18.6513,4.716512203216553
Subang,SBG,1975,16.5823,4.716512203216553
Subang,SBG,1976,18.8654,4.716512203216553
Subang,SBG,1977,18.3051,4.716512203216553
Subang,SBG,1978,18.2413,4.716512203216553
Subang,SBG,1979,18.2363,4.716512203216553
Subang,SBG,1980,19.0066,4.716512203216553
Subang,SBG,1981,19.5005,4.716512203216553
Subang,SBG,1982,18.8927,4.716512203216553
Subang,SBG,1983,19.6825,4.716512203216553
Subang,SBG,1984,20.932,4.716512203216553
Subang,SBG,1985,19.7096,4.716512203216553
Subang,SBG,1986,20.9101,4.716512203216553
Subang,SBG,1987,20.4714,4.716512203216553
Subang,SBG,1988,21.7176,4.716512203216553
Subang,SBG,1989,24.1111,4.716512203216553
Subang,SBG,1990,24.9332,4.716512203216553
Subang,SBG,1991,24.8179,4.716512203216553
Subang,SBG,1992,25.1429,4.716512203216553
Subang,SBG,1993,23.4754,4.716512203216553
Subang,SBG,1994,23.3766,4.716512203216553
Subang,SBG,1995,18.4211,4.716512203216553
Subang,SBG,1996,27.2414,4.716512203216553
Subang,SBG,1997,36.8,4.716512203216553
Subang,SBG,1998,27.5833,4.716512203216553
Subang,SBG,1999,33.8996,4.716512203216553
Subang,SBG,2000,30.1823,4.716512203216553
Subang,SBG,2001,34.2857,4.716512203216553
Subang,SBG,2002,37.4807,4.716512203216553
Subang,SBG,2003,37.0522,4.716512203216553
Subang,SBG,2004,39.2796,4.716512203216553
Subang,SBG,2005,38.2857,4.716512203216553
Subang,SBG,2006,38.9431,4.716512203216553
Subang,SBG,2007,39.0258,4.716512203216553
Subang,SBG,2008,39.4118,4.716512203216553
Subang,SBG,2009,37.7778,4.716512203216553
Subang,SBG,2010,39.1535,4.716512203216553
Subang,SBG,2011,40.956,4.716512203216553
Subang,SBG,2012,40.3618,4.716512203216553
Subang,SBG,2013,40.7248,4.716512203216553
Subang,SBG,2014,41.0879,4.716512203216553
Subang,SBG,2014,41.4509,4.716512203216553
Subang,SBG,2015,41.8139,4.716512203216553
Subang,SBG,2016,42.29317092895508,4.716512203216553
Subang,SBG,2017,42.63360595703125,4.716512203216553
Subang,SBG,2018,42.73116683959961,4.716512203216553
Subang,SBG,2019,42.940555572509766,4.716512203216553
Subang,SBG,2020,43.23553466796875,4.716512203216553
Purwakarta,PWK,1962,13.3322,7.271208763122559
Purwakarta,PWK,1964,14.0589,7.271208763122559
Purwakarta,PWK,1965,13.7055,7.271208763122559
Purwakarta,PWK,1966,14.3677,7.271208763122559
Purwakarta,PWK,1967,14.6247,7.271208763122559
Purwakarta,PWK,1968,17.5185,7.271208763122559
Purwakarta,PWK,1969,18.0238,7.271208763122559
Purwakarta,PWK,1970,17.5335,7.271208763122559
Purwakarta,PWK,1971,17.2517,7.271208763122559
Purwakarta,PWK,1972,16.988,7.271208763122559
Purwakarta,PWK,1973,16.6512,7.271208763122559
Purwakarta,PWK,1974,19.1178,7.271208763122559
Purwakarta,PWK,1975,19.0373,7.271208763122559
Purwakarta,PWK,1976,21.5929,7.271208763122559
Purwakarta,PWK,1977,22.3655,7.271208763122559
Purwakarta,PWK,1978,24.706,7.271208763122559
Purwakarta,PWK,1979,24.9679,7.271208763122559
Purwakarta,PWK,1980,26.1987,7.271208763122559
Purwakarta,PWK,1981,26.136,7.271208763122559
Purwakarta,PWK,1982,30.6435,7.271208763122559
Purwakarta,PWK,1983,29.9162,7.271208763122559
Purwakarta,PWK,1984,31.4225,7.271208763122559
Purwakarta,PWK,1985,32.1551,7.271208763122559
Purwakarta,PWK,1986,34.8608,7.271208763122559
Purwakarta,PWK,1987,35.8693,7.271208763122559
Purwakarta,PWK,1988,35.8451,7.271208763122559
Purwakarta,PWK,1989,35.6096,7.271208763122559
Purwakarta,PWK,1990,38.4284,7.271208763122559
Purwakarta,PWK,1991,33.8348,7.271208763122559
Purwakarta,PWK,1992,37.1432,7.271208763122559
Purwakarta,PWK,1993,38.5103,7.271208763122559
Purwakarta,PWK,1994,41.0141,7.271208763122559
Purwakarta,PWK,1995,43.706,7.271208763122559
Purwakarta,PWK,1996,43.4067,7.271208763122559
Purwakarta,PWK,1997,43.7525,7.271208763122559
Purwakarta,PWK,1998,37.3319,7.271208763122559
Purwakarta,PWK,1999,41.7814,7.271208763122559
Purwakarta,PWK,2000,43.5691,7.271208763122559
Purwakarta,PWK,2001,50.3558,7.271208763122559
Purwakarta,PWK,2002,53.2631,7.271208763122559
Purwakarta,PWK,2003,53.9815,7.271208763122559
Purwakarta,PWK,2004,58.428,7.271208763122559
Purwakarta,PWK,2005,58.4225,7.271208763122559
Purwakarta,PWK,2006,58.4447,7.271208763122559
Purwakarta,PWK,2007,57.0494,7.271208763122559
Purwakarta,PWK,2008,57.0977,7.271208763122559
Purwakarta,PWK,2009,58.7499,7.271208763122559
Purwakarta,PWK,2010,63.4958,7.271208763122559
Purwakarta,PWK,2011,63.7597,7.271208763122559
Purwakarta,PWK,2012,60.4909,7.271208763122559
Purwakarta,PWK,2013,61.7947,7.271208763122559
Purwakarta,PWK,2014,60.6647,7.271208763122559
Purwakarta,PWK,2014,66.8025,7.271208763122559
Purwakarta,PWK,2015,66.8517,7.271208763122559
Purwakarta,PWK,2016,68.16250610351562,7.271208763122559
Purwakarta,PWK,2017,66.72622680664062,7.271208763122559
Purwakarta,PWK,2018,65.61522674560547,7.271208763122559
Purwakarta,PWK,2019,65.61222839355469,7.271208763122559
Purwakarta,PWK,2020,66.6249008178711,7.271208763122559
Indramayu,IDY,1976,8.0521,1.6485754251480103
Indramayu,IDY,1978,5.6335,1.6485754251480103
Indramayu,IDY,1979,7.6949,1.6485754251480103
Indramayu,IDY,1980,9.5313,1.6485754251480103
Indramayu,IDY,1981,10.1735,1.6485754251480103
Indramayu,IDY,1982,11.3017,1.6485754251480103
Indramayu,IDY,1983,9.9148,1.6485754251480103
Indramayu,IDY,1984,9.7687,1.6485754251480103
Indramayu,IDY,1985,9.5036,1.6485754251480103
Indramayu,IDY,1986,17.2375,1.6485754251480103
Indramayu,IDY,1987,17.4942,1.6485754251480103
Indramayu,IDY,1988,17.4842,1.6485754251480103
Indramayu,IDY,1989,17.4697,1.6485754251480103
Indramayu,IDY,1990,16.5133,1.6485754251480103
Indramayu,IDY,1991,15.9369,1.6485754251480103
Indramayu,IDY,1992,15.5178,1.6485754251480103
Indramayu,IDY,1993,15.4989,1.6485754251480103
Indramayu,IDY,1994,16.3324,1.6485754251480103
Indramayu,IDY,1995,16.8227,1.6485754251480103
Indramayu,IDY,1996,15.3493,1.6485754251480103
Indramayu,IDY,1997,15.4075,1.6485754251480103
Indramayu,IDY,1998,15.207,1.6485754251480103
Indramayu,IDY,1999,14.8839,1.6485754251480103
Indramayu,IDY,2000,14.9593,1.6485754251480103
Indramayu,IDY,2001,15.0447,1.6485754251480103
Indramayu,IDY,2002,15.1279,1.6485754251480103
Indramayu,IDY,2003,14.7773,1.6485754251480103
Indramayu,IDY,2004,14.4523,1.6485754251480103
Indramayu,IDY,2005,14.2937,1.6485754251480103
Indramayu,IDY,2006,13.4441,1.6485754251480103
Indramayu,IDY,2007,13.5763,1.6485754251480103
Indramayu,IDY,2008,13.564,1.6485754251480103
Indramayu,IDY,2009,13.754,1.6485754251480103
Indramayu,IDY,2010,13.8886,1.6485754251480103
Indramayu,IDY,2011,13.9045,1.6485754251480103
Indramayu,IDY,2012,14.1263,1.6485754251480103
Indramayu,IDY,2013,13.2767,1.6485754251480103
Indramayu,IDY,2014,14.1542,1.6485754251480103
Indramayu,IDY,2014,11.2015,1.6485754251480103
Indramayu,IDY,2015,11.3139,1.6485754251480103
Indramayu,IDY,2016,12.599656105041504,1.6485754251480103
Indramayu,IDY,2017,11.91165542602539,1.6485754251480103
Indramayu,IDY,2018,11.868343353271484,1.6485754251480103
Indramayu,IDY,2019,11.847396850585938,1.6485754251480103
Indramayu,IDY,2020,11.822317123413086,1.6485754251480103
Ciamis,CMS,1962,7.1262,19.9727783203125
Ciamis,CMS,1964,8.1481,19.9727783203125
Ciamis,CMS,1965,8.1481,19.9727783203125
Ciamis,CMS,1966,8.3292,19.9727783203125
Ciamis,CMS,1967,8.8,19.9727783203125
Ciamis,CMS,1968,8.5995,19.9727783203125
Ciamis,CMS,1969,9.2,19.9727783203125
Ciamis,CMS,1970,9.6154,19.9727783203125
Ciamis,CMS,1971,10.3704,19.9727783203125
Ciamis,CMS,1972,9.995,19.9727783203125
Ciamis,CMS,1973,10.6667,19.9727783203125
Ciamis,CMS,1974,11.3333,19.9727783203125
Ciamis,CMS,1975,11.6129,19.9727783203125
Ciamis,CMS,1976,12.1875,19.9727783203125
Ciamis,CMS,1977,12.7273,19.9727783203125
Ciamis,CMS,1978,13.2353,19.9727783203125
Ciamis,CMS,1979,13.7143,19.9727783203125
Ciamis,CMS,1980,14.4444,19.9727783203125
Ciamis,CMS,1981,15.5556,19.9727783203125
Ciamis,CMS,1982,15.0,19.9727783203125
Ciamis,CMS,1983,15.1515,19.9727783203125
Ciamis,CMS,1984,15.0,19.9727783203125
Ciamis,CMS,1985,14.8148,19.9727783203125
Ciamis,CMS,1986,15.2174,19.9727783203125
Ciamis,CMS,1987,15.0,19.9727783203125
Ciamis,CMS,1988,15.0,19.9727783203125
Ciamis,CMS,1989,14.7368,19.9727783203125
Ciamis,CMS,1990,14.7059,19.9727783203125
Ciamis,CMS,1991,14.6667,19.9727783203125
Ciamis,CMS,1992,10.0307,19.9727783203125
Ciamis,CMS,1993,16.4286,19.9727783203125
Ciamis,CMS,1994,16.4706,19.9727783203125
Ciamis,CMS,1995,17.0,19.9727783203125
Ciamis,CMS,1996,16.0,19.9727783203125
Ciamis,CMS,1997,18.0,19.9727783203125
Ciamis,CMS,1998,17.75,19.9727783203125
Ciamis,CMS,1999,18.9634,19.9727783203125
Ciamis,CMS,2000,19.7754,19.9727783203125
Ciamis,CMS,2001,18.1818,19.9727783203125
Ciamis,CMS,2002,18.0,19.9727783203125
Ciamis,CMS,2003,16.8182,19.9727783203125
Ciamis,CMS,2004,46.6538,19.9727783203125
Ciamis,CMS,2005,45.4849,19.9727783203125
Ciamis,CMS,2006,34.0752,19.9727783203125
Ciamis,CMS,2007,48.2228,19.9727783203125
Ciamis,CMS,2008,48.2228,19.9727783203125
Ciamis,CMS,2009,72.8467,19.9727783203125
Ciamis,CMS,2010,67.3853,19.9727783203125
Ciamis,CMS,2011,64.4983,19.9727783203125
Ciamis,CMS,2012,60.4132,19.9727783203125
Ciamis,CMS,2013,69.1029,19.9727783203125
Ciamis,CMS,2014,80.4157,19.9727783203125
Ciamis,CMS,2014,83.4236,19.9727783203125
Ciamis,CMS,2015,64.1437,19.9727783203125
Ciamis,CMS,2016,66.24506378173828,19.9727783203125
Ciamis,CMS,2017,71.48274993896484,19.9727783203125
Ciamis,CMS,2018,99.35165405273438,19.9727783203125
Ciamis,CMS,2019,143.67550659179688,19.9727783203125
Ciamis,CMS,2020,105.90363311767578,19.9727783203125
Sukabumi,SKB,1962,12.0,1.972127914428711
Sukabumi,SKB,1964,12.0,1.972127914428711
Sukabumi,SKB,1965,12.4,1.972127914428711
Sukabumi,SKB,1966,12.8,1.972127914428711
Sukabumi,SKB,1967,12.8,1.972127914428711
Sukabumi,SKB,1968,12.5,1.972127914428711
Sukabumi,SKB,1969,13.2143,1.972127914428711
Sukabumi,SKB,1970,12.8571,1.972127914428711
Sukabumi,SKB,1971,12.0,1.972127914428711
Sukabumi,SKB,1972,12.3333,1.972127914428711
Sukabumi,SKB,1973,12.6667,1.972127914428711
Sukabumi,SKB,1974,12.6667,1.972127914428711
Sukabumi,SKB,1975,13.3333,1.972127914428711
Sukabumi,SKB,1976,13.0,1.972127914428711
Sukabumi,SKB,1977,13.3333,1.972127914428711
Sukabumi,SKB,1978,11.7143,1.972127914428711
Sukabumi,SKB,1979,12.0,1.972127914428711
Sukabumi,SKB,1980,12.5714,1.972127914428711
Sukabumi,SKB,1981,12.0,1.972127914428711
Sukabumi,SKB,1982,12.2857,1.972127914428711
Sukabumi,SKB,1983,11.8421,1.972127914428711
Sukabumi,SKB,1984,12.1053,1.972127914428711
Sukabumi,SKB,1985,12.2368,1.972127914428711
Sukabumi,SKB,1986,12.3684,1.972127914428711
Sukabumi,SKB,1987,12.0513,1.972127914428711
Sukabumi,SKB,1988,12.0513,1.972127914428711
Sukabumi,SKB,1989,11.95,1.972127914428711
Sukabumi,SKB,1990,12.0,1.972127914428711
Sukabumi,SKB,1991,14.3902,1.972127914428711
Sukabumi,SKB,1992,19.0476,1.972127914428711
Sukabumi,SKB,1993,18.2857,1.972127914428711
Sukabumi,SKB,1994,20.0,1.972127914428711
Sukabumi,SKB,1995,21.6041,1.972127914428711
Sukabumi,SKB,1996,22.9449,1.972127914428711
Sukabumi,SKB,1997,24.1935,1.972127914428711
Sukabumi,SKB,1998,32.1429,1.972127914428711
Sukabumi,SKB,1999,29.4118,1.972127914428711
Sukabumi,SKB,2000,30.0,1.972127914428711
Sukabumi,SKB,2001,30.1887,1.972127914428711
Sukabumi,SKB,2002,30.0,1.972127914428711
Sukabumi,SKB,2003,26.7023,1.972127914428711
Sukabumi,SKB,2004,26.5574,1.972127914428711
Sukabumi,SKB,2005,27.4545,1.972127914428711
Sukabumi,SKB,2006,26.6667,1.972127914428711
Sukabumi,SKB,2007,24.5161,1.972127914428711
Sukabumi,SKB,2008,22.3227,1.972127914428711
Sukabumi,SKB,2009,24.6154,1.972127914428711
Sukabumi,SKB,2010,32.1782,1.972127914428711
Sukabumi,SKB,2011,32.0395,1.972127914428711
Sukabumi,SKB,2012,32.3459,1.972127914428711
Sukabumi,SKB,2013,32.7869,1.972127914428711
Sukabumi,SKB,2014,31.5385,1.972127914428711
Sukabumi,SKB,2014,36.0223,1.972127914428711
Sukabumi,SKB,2015,37.1844,1.972127914428711
Sukabumi,SKB,2016,34.6583366394043,1.972127914428711
Sukabumi,SKB,2017,34.97738265991211,1.972127914428711
Sukabumi,SKB,2018,32.3015022277832,1.972127914428711
Sukabumi,SKB,2019,32.68378829956055,1.972127914428711
Sukabumi,SKB,2020,29.67304229736328,1.972127914428711
Bogor,BGR,1962,14.5798,2.5406901836395264
Bogor,BGR,1964,13.875,2.5406901836395264
Bogor,BGR,1965,13.8704,2.5406901836395264
Bogor,BGR,1966,13.8308,2.5406901836395264
Bogor,BGR,1967,14.3138,2.5406901836395264
Bogor,BGR,1968,13.8777,2.5406901836395264
Bogor,BGR,1969,15.6,2.5406901836395264
Bogor,BGR,1970,14.2755,2.5406901836395264
Bogor,BGR,1971,13.4057,2.5406901836395264
Bogor,BGR,1972,14.6341,2.5406901836395264
Bogor,BGR,1973,14.9169,2.5406901836395264
Bogor,BGR,1974,13.8313,2.5406901836395264
Bogor,BGR,1975,17.5875,2.5406901836395264
Bogor,BGR,1976,16.6914,2.5406901836395264
Bogor,BGR,1977,15.7306,2.5406901836395264
Bogor,BGR,1978,16.8237,2.5406901836395264
Bogor,BGR,1979,15.3101,2.5406901836395264
Bogor,BGR,1980,17.9166,2.5406901836395264
Bogor,BGR,1981,19.695,2.5406901836395264
Bogor,BGR,1982,17.3089,2.5406901836395264
Bogor,BGR,1983,17.4214,2.5406901836395264
Bogor,BGR,1984,18.271,2.5406901836395264
Bogor,BGR,1985,18.3081,2.5406901836395264
Bogor,BGR,1986,19.25,2.5406901836395264
Bogor,BGR,1987,18.1579,2.5406901836395264
Bogor,BGR,1988,19.7403,2.5406901836395264
Bogor,BGR,1989,19.4226,2.5406901836395264
Bogor,BGR,1990,18.25,2.5406901836395264
Bogor,BGR,1991,19.0225,2.5406901836395264
Bogor,BGR,1992,21.0,2.5406901836395264
Bogor,BGR,1993,19.7514,2.5406901836395264
Bogor,BGR,1994,11.2376,2.5406901836395264
Bogor,BGR,1995,11.7143,2.5406901836395264
Bogor,BGR,1996,12.5789,2.5406901836395264
Bogor,BGR,1997,10.7999,2.5406901836395264
Bogor,BGR,1998,9.1982,2.5406901836395264
Bogor,BGR,1999,4.2205,2.5406901836395264
Bogor,BGR,2000,11.3268,2.5406901836395264
Bogor,BGR,2001,11.8246,2.5406901836395264
Bogor,BGR,2002,9.6692,2.5406901836395264
Bogor,BGR,2003,10.1478,2.5406901836395264
Bogor,BGR,2004,11.5712,2.5406901836395264
Bogor,BGR,2005,12.7028,2.5406901836395264
Bogor,BGR,2006,11.9718,2.5406901836395264
Bogor,BGR,2007,15.6908,2.5406901836395264
Bogor,BGR,2008,18.9707,2.5406901836395264
Bogor,BGR,2009,16.4567,2.5406901836395264
Bogor,BGR,2010,18.4666,2.5406901836395264
Bogor,BGR,2011,24.3532,2.5406901836395264
Bogor,BGR,2012,21.8266,2.5406901836395264
Bogor,BGR,2013,24.5821,2.5406901836395264
Bogor,BGR,2014,26.5356,2.5406901836395264
Bogor,BGR,2014,24.1712,2.5406901836395264
Bogor,BGR,2015,27.0855,2.5406901836395264
Bogor,BGR,2016,26.04166603088379,2.5406901836395264
Bogor,BGR,2017,27.511566162109375,2.5406901836395264
Bogor,BGR,2018,25.907381057739258,2.5406901836395264
Bogor,BGR,2019,25.090879440307617,2.5406901836395264
Bogor,BGR,2020,25.14801788330078,2.5406901836395264
Bekasi,BKS,1962,14.5798,8.068774223327637
Bekasi,BKS,1964,13.875,8.068774223327637
Bekasi,BKS,1965,13.8704,8.068774223327637
Bekasi,BKS,1966,13.8308,8.068774223327637
Bekasi,BKS,1967,14.3138,8.068774223327637
Bekasi,BKS,1968,13.8777,8.068774223327637
Bekasi,BKS,1969,15.6,8.068774223327637
Bekasi,BKS,1970,14.2755,8.068774223327637
Bekasi,BKS,1971,13.4057,8.068774223327637
Bekasi,BKS,1972,14.6341,8.068774223327637
Bekasi,BKS,1973,14.9169,8.068774223327637
Bekasi,BKS,1974,13.8313,8.068774223327637
Bekasi,BKS,1975,17.5875,8.068774223327637
Bekasi,BKS,1976,16.6914,8.068774223327637
Bekasi,BKS,1977,15.7306,8.068774223327637
Bekasi,BKS,1978,16.8237,8.068774223327637
Bekasi,BKS,1979,15.3101,8.068774223327637
Bekasi,BKS,1980,17.9166,8.068774223327637
Bekasi,BKS,1981,19.695,8.068774223327637
Bekasi,BKS,1982,17.3089,8.068774223327637
Bekasi,BKS,1983,17.4214,8.068774223327637
Bekasi,BKS,1984,18.271,8.068774223327637
Bekasi,BKS,1985,18.3081,8.068774223327637
Bekasi,BKS,1986,19.25,8.068774223327637
Bekasi,BKS,1987,18.1579,8.068774223327637
Bekasi,BKS,1988,19.7403,8.068774223327637
Bekasi,BKS,1989,19.4226,8.068774223327637
Bekasi,BKS,1990,18.25,8.068774223327637
Bekasi,BKS,1991,19.0225,8.068774223327637
Bekasi,BKS,1992,21.0,8.068774223327637
Bekasi,BKS,1993,19.7514,8.068774223327637
Bekasi,BKS,1994,14.0,8.068774223327637
Bekasi,BKS,1995,24.0,8.068774223327637
Bekasi,BKS,1996,21.0,8.068774223327637
Bekasi,BKS,1997,16.3,8.068774223327637
Bekasi,BKS,1998,15.875,8.068774223327637
Bekasi,BKS,1999,18.2,8.068774223327637
Bekasi,BKS,2000,19.0571,8.068774223327637
Bekasi,BKS,2001,27.8,8.068774223327637
Bekasi,BKS,2002,31.4545,8.068774223327637
Bekasi,BKS,2003,25.8621,8.068774223327637
Bekasi,BKS,2004,33.0882,8.068774223327637
Bekasi,BKS,2005,35.2857,8.068774223327637
Bekasi,BKS,2006,36.7647,8.068774223327637
Bekasi,BKS,2007,34.6875,8.068774223327637
Bekasi,BKS,2008,34.8148,8.068774223327637
Bekasi,BKS,2009,36.4368,8.068774223327637
Bekasi,BKS,2010,34.0659,8.068774223327637
Bekasi,BKS,2011,36.3333,8.068774223327637
Bekasi,BKS,2012,37.2526,8.068774223327637
Bekasi,BKS,2013,38.3665,8.068774223327637
Bekasi,BKS,2014,38.1764,8.068774223327637
Bekasi,BKS,2014,38.7188,8.068774223327637
Bekasi,BKS,2015,39.2613,8.068774223327637
Bekasi,BKS,2016,39.816192626953125,8.068774223327637
Bekasi,BKS,2017,40.18669509887695,8.068774223327637
Bekasi,BKS,2018,40.63665771484375,8.068774223327637
Bekasi,BKS,2019,41.15534210205078,8.068774223327637
Bekasi,BKS,2020,41.65114212036133,8.068774223327637
Karawang,KRW,1962,5.0,12.201623916625977
Karawang,KRW,1964,5.0,12.201623916625977
Karawang,KRW,1965,5.0,12.201623916625977
Karawang,KRW,1966,5.0,12.201623916625977
Karawang,KRW,1967,5.0,12.201623916625977
Karawang,KRW,1968,5.0,12.201623916625977
Karawang,KRW,1969,7.9808,12.201623916625977
Karawang,KRW,1970,9.9338,12.201623916625977
Karawang,KRW,1971,8.2988,12.201623916625977
Karawang,KRW,1972,8.4034,12.201623916625977
Karawang,KRW,1973,9.65,12.201623916625977
Karawang,KRW,1974,6.0257,12.201623916625977
Karawang,KRW,1975,10.0175,12.201623916625977
Karawang,KRW,1976,20.0148,12.201623916625977
Karawang,KRW,1977,23.0392,12.201623916625977
Karawang,KRW,1978,24.0741,12.201623916625977
Karawang,KRW,1979,25.8247,12.201623916625977
Karawang,KRW,1980,34.0539,12.201623916625977
Karawang,KRW,1981,39.2024,12.201623916625977
Karawang,KRW,1982,45.8452,12.201623916625977
Karawang,KRW,1983,38.7245,12.201623916625977
Karawang,KRW,1984,40.2899,12.201623916625977
Karawang,KRW,1985,32.2187,12.201623916625977
Karawang,KRW,1986,39.367,12.201623916625977
Karawang,KRW,1987,42.7752,12.201623916625977
Karawang,KRW,1988,33.1707,12.201623916625977
Karawang,KRW,1989,24.2887,12.201623916625977
Karawang,KRW,1990,25.6079,12.201623916625977
Karawang,KRW,1991,41.4578,12.201623916625977
Karawang,KRW,1992,32.5208,12.201623916625977
Karawang,KRW,1993,47.1616,12.201623916625977
Karawang,KRW,1994,41.2956,12.201623916625977
Karawang,KRW,1995,49.5218,12.201623916625977
Karawang,KRW,1996,58.7637,12.201623916625977
Karawang,KRW,1997,75.0807,12.201623916625977
Karawang,KRW,1998,70.7993,12.201623916625977
Karawang,KRW,1999,84.0033,12.201623916625977
Karawang,KRW,2000,69.4679,12.201623916625977
Karawang,KRW,2001,76.5034,12.201623916625977
Karawang,KRW,2002,93.5872,12.201623916625977
Karawang,KRW,2003,108.8297,12.201623916625977
Karawang,KRW,2004,103.4633,12.201623916625977
Karawang,KRW,2005,75.9875,12.201623916625977
Karawang,KRW,2006,104.3478,12.201623916625977
Karawang,KRW,2007,88.692,12.201623916625977
Karawang,KRW,2008,68.5303,12.201623916625977
Karawang,KRW,2009,70.0297,12.201623916625977
Karawang,KRW,2010,72.6368,12.201623916625977
Karawang,KRW,2011,57.5868,12.201623916625977
Karawang,KRW,2012,40.0431,12.201623916625977
Karawang,KRW,2013,43.4256,12.201623916625977
Karawang,KRW,2014,47.8032,12.201623916625977
Karawang,KRW,2014,37.3928,12.201623916625977
Karawang,KRW,2015,33.1665,12.201623916625977
Karawang,KRW,2016,32.091407775878906,12.201623916625977
Karawang,KRW,2017,35.0045280456543,12.201623916625977
Karawang,KRW,2018,28.471830368041992,12.201623916625977
Karawang,KRW,2019,27.080284118652344,12.201623916625977
Karawang,KRW,2020,22.990190505981445,12.201623916625977
